GENOME	LOC	LABEL	N	DIR	RBS1	RBS2	MOTIF	A0	A1	LF50R3	HK50R3	LF100R3	HK100R3	PRED
NC_045512	13466	1	15	-1	0	0	1	0.00169	0.00105	-0.58966	-0.45531	-0.63673	-0.43386	-1
NC_045512	27694	0	63	-1	0	0	3	0.02819	0.02214	-0.63529	-0.41588	-0.54063	-0.36	0
